{
  "timestamp": "2025-12-03T19:30:31.477136",
  "source_file": "benchmarks/matrix_multiply.c",
  "baseline": {
    "-O1": 0.0017359256744384766,
    "-O2": 0.0017423629760742188,
    "-O3": 0.0016469955444335938
  },
  "FOGA": {
    "best_time": 0.001429,
    "total_time": 188.42232465744019,
    "evaluations": 10
  },
  "HBRF": {
    "best_time": Infinity,
    "total_time": 0.09887075424194336,
    "evaluations": 0
  },
  "XGBOOST": {
    "best_time": Infinity,
    "total_time": 0.09745526313781738,
    "evaluations": 0
  },
  "winner": "FOGA",
  "improvements": {
    "FOGA_vs_O3": 13.235952287203249,
    "HBRF_vs_O3": 0,
    "XGBOOST_vs_O3": 0
  }
}