{
  "best_time": 0.0014386177062988281,
  "total_optimization_time": 33.790497064590454,
  "total_evaluations": 170,
  "enabled_flags": [
    "-faggressive-loop-optimizations",
    "-falign-jumps",
    "-falign-loops",
    "-fbranch-probabilities",
    "-fcaller-saves",
    "-fcode-hoisting",
    "-fcombine-stack-adjustments",
    "-fcompare-elim",
    "-fconserve-stack",
    "-fcprop-registers",
    "-fcrossjumping",
    "-fcx-limited-range",
    "-fdce",
    "-fdefer-pop",
    "-fdelayed-branch",
    "-fdelete-null-pointer-checks",
    "-fdevirtualize",
    "-ffinite-math-only",
    "-fipa-cp-clone",
    "-fipa-icf",
    "-finline-functions",
    "-fipa-sra",
    "-frounding-math",
    "-fschedule-insns",
    "-fsection-anchors",
    "-fshort-enums",
    "-fsplit-paths",
    "-fsplit-wide-types",
    "-fthread-jumps",
    "-ftrapv",
    "-ftree-bit-ccp",
    "-ftree-builtin-call-dce",
    "-ftree-ccp",
    "-ftree-forwprop",
    "-ftree-pre",
    "-ftree-slp-vectorize",
    "-funroll-all-loops",
    "-funsafe-math-optimizations",
    "-funwind-tables"
  ],
  "flag_importance": {
    "-ftree-reassoc": 0.046514364411605905,
    "-ftree-fre": 0.04555299385338559,
    "-ftree-dse": 0.03320007009975259,
    "-fcommon": 0.03238149137202499,
    "-fmove-loop-invariants": 0.028026928121508837,
    "-ftree-loop-vectorize": 0.02784096361332329,
    "-fcaller-saves": 0.027072889086415648,
    "-fweb": 0.024313425091288116,
    "-fvar-tracking-assignments": 0.021713084934639183,
    "-fdefer-pop": 0.020925733367701666,
    "-ftree-pta": 0.02063399054160843,
    "-fjump-tables": 0.018140332681159402,
    "-fipa-cp": 0.018139493072424975,
    "-fsplit-wide-types": 0.017294059372661996,
    "-fcompare-elim": 0.01720793971253397,
    "-ftree-loop-optimize": 0.015896233045111827,
    "-ftree-ter": 0.01534248640931135,
    "-fthread-jumps": 0.015232508038080897,
    "-fschedule-insns": 0.014597304425220045,
    "-fsplit-paths": 0.014398873876042708
  }
}