{
  "best_time": 0.0015475749969482422,
  "total_optimization_time": 56.095752000808716,
  "total_evaluations": 170,
  "enabled_flags": [
    "-faggressive-loop-optimizations",
    "-fcse-follow-jumps",
    "-fcx-limited-range",
    "-fdce",
    "-fdefer-pop",
    "-fdelayed-branch",
    "-ffinite-math-only",
    "-frerun-cse-after-loop",
    "-frounding-math",
    "-ftree-dce",
    "-ftree-slp-vectorize"
  ],
  "flag_importance": {
    "-faggressive-loop-optimizations": 0.03644702383789424,
    "-fipa-cp": 0.036032245997071395,
    "-fcprop-registers": 0.03556829995003812,
    "-fcse-follow-jumps": 0.028402380073137508,
    "-ffinite-math-only": 0.0254009619839353,
    "-fcx-limited-range": 0.02487738570372099,
    "-ftree-ccp": 0.02466126928527465,
    "-fsched-spec": 0.023790837807403816,
    "-fdefer-pop": 0.023313708263197577,
    "-ftree-bit-ccp": 0.02275851948315012,
    "-fdelayed-branch": 0.021550498980030232,
    "-fdce": 0.02132826209738717,
    "-ftree-dominator-opts": 0.017173405337997764,
    "-fthread-jumps": 0.017053513620310694,
    "-free": 0.016725500895569276,
    "-frerun-cse-after-loop": 0.01648228243419213,
    "-ffloat-store": 0.016333216876639908,
    "-ftree-dce": 0.015550219531451257,
    "-frounding-math": 0.014612715582305615,
    "-ftree-slp-vectorize": 0.014169074457140062
  }
}